Name,Time

 bill gates,22:00:45 
 bill gates,22:02:10 
 bill gates,22:04:34 
 ['bill gates', 'Elon Musk', 'Mark Zukerberg', 'sundar', 'viswa'],22:06:41 
 viswa,22:10:42 
 viswa,22:12:07 
 bill gates,22:14:33 
 Elon Musk,22:14:33 
 Mark Zukerberg,22:14:33 
 sundar,22:14:33 
 viswa,22:14:33 
 VISWA,22:18:33 
 VISWA,22:18:33 
 BILL GATES,22:18:36 
 BILL GATES,22:18:36 
 VISWA,22:18:37 
 VISWA,22:18:38 
 VISWA,22:18:38 
 VISWA,22:18:38 
 VISWA,22:18:39 
 VISWA,22:18:39 
 VISWA,22:18:39 
 VISWA,22:18:40 
 VISWA,22:18:40 
 VISWA,22:18:41 
 VISWA,22:18:41 
 VISWA,22:18:41 
 VISWA,22:18:42 
 VISWA,22:18:42 
 VISWA,22:18:42 
 VISWA,22:18:43 
 VISWA,22:18:43 
 VISWA,22:18:43 
 VISWA,22:18:44 
 VISWA,22:18:44 
 VISWA,22:18:44 
 VISWA,22:18:45 
 VISWA,22:18:45 
 VISWA,22:18:46 
 VISWA,22:18:46 
 VISWA,22:18:46 
 VISWA,22:18:47 
 VISWA,22:18:47 
 VISWA,22:18:47 
 VISWA,22:18:48 
 VISWA,22:18:48 
 VISWA,22:18:49 
 VISWA,22:18:49 
 VISWA,22:18:49 
 VISWA,22:18:50 
 VISWA,22:18:50 
 VISWA,22:18:50 
 VISWA,22:18:51 
 VISWA,22:18:51 
 VISWA,22:18:52 
 VISWA,22:18:52 
 VISWA,22:18:52 
 VISWA,22:18:53 
 VISWA,22:18:53 
 VISWA,22:18:54 
 VISWA,22:18:54 
 VISWA,22:18:54 
 VISWA,22:18:55 
 VISWA,22:18:55 
 VISWA,22:18:55 
 VISWA,22:18:56 
 VISWA,22:18:56 
 VISWA,22:18:57 
 VISWA,22:18:57 
 VISWA,22:18:57 
 VISWA,22:18:58 
 VISWA,22:18:58 
 VISWA,22:18:58 
 VISWA,22:18:59 
 VISWA,22:18:59 
 VISWA,22:18:59 
 VISWA,22:19:00 
 VISWA,22:19:00 
 VISWA,22:19:01 
 VISWA,22:19:01 
 VISWA,22:19:01 
 VISWA,22:19:02 
 VISWA,22:19:02 
 VISWA,22:19:03 
 VISWA,22:19:03 
 VISWA,22:19:03 
 VISWA,22:19:04 
 VISWA,22:19:04 
 VISWA,22:19:05 
 VISWA,22:19:05 
 VISWA,22:19:05 
 VISWA,22:19:06 
 VISWA,22:19:06 
 VISWA,22:19:07 
 VISWA,22:19:07 
 VISWA,22:19:08 
 VISWA,22:19:08 
 VISWA,22:19:10 
 VISWA,22:19:10 
 VISWA,22:19:11 
 VISWA,22:19:11 
 VISWA,22:19:11 
 VISWA,22:19:12 
 VISWA,22:19:12 
 VISWA,22:19:12 
 VISWA,22:19:22 
 VISWA,22:19:22 
 SUNDAR,22:19:22 
 VISWA,22:19:23 
 VISWA,22:19:23 
 VISWA,22:19:24 
 VISWA,22:19:24 
 VISWA,22:19:24 
 VISWA,22:19:25 
 VISWA,22:19:25 
 VISWA,22:19:25 
 VISWA,22:19:26 
 VISWA,22:19:27 
 VISWA,22:19:27 
 VISWA,22:19:28 
 VISWA,22:19:28 
 VISWA,22:19:28 
 VISWA,22:19:29 
 VISWA,22:19:29 
 VISWA,22:19:30 
 VISWA,22:19:30 
 VISWA,22:19:30 
 VISWA,22:19:30 
 VISWA,22:19:31 
 VISWA,22:19:31 
 VISWA,22:19:31 
 VISWA,22:19:32 
 VISWA,22:19:32 
 VISWA,22:19:33 
 VISWA,22:19:33 
 VISWA,22:19:33 
 VISWA,22:19:34 
 VISWA,22:19:34 
 VISWA,22:19:34 
 VISWA,22:19:35 
 VISWA,22:19:35 
 VISWA,22:19:36 
 VISWA,22:19:36 
 VISWA,22:19:36 
 VISWA,22:19:37 
 VISWA,22:19:37 
 VISWA,22:19:38 
 VISWA,22:19:38 
 VISWA,22:19:39 
 VISWA,22:19:39 
 VISWA,22:19:40 
 VISWA,22:19:40 
 VISWA,22:19:40 
 VISWA,22:19:40 
 VISWA,22:19:41 
 VISWA,22:19:41 
 SUNDAR,22:19:41 
 VISWA,22:19:42 
 VISWA,22:19:42 
 VISWA,22:19:43 
 SUNDAR,22:19:43 
 VISWA,22:19:43 
 VISWA,22:19:44 
 VISWA,22:19:44 
 VISWA,22:19:44 
 VISWA,22:19:45 
 VISWA,22:19:45 
 VISWA,22:19:46 
 VISWA,22:19:46 
 VISWA,22:19:46 
 VISWA,22:19:47 
 VISWA,22:19:47 
 VISWA,22:19:48 
 VISWA,22:19:48 
 VISWA,22:19:48 
 VISWA,22:19:49 
 VISWA,22:19:49 
 VISWA,22:19:50 
 SUNDAR,22:19:50 
 VISWA,22:19:50 
 SUNDAR,22:19:50 
 VISWA,22:19:51 
 VISWA,22:19:52 
 SUNDAR,22:19:52 
 VISWA,22:19:53 
 SUNDAR,22:19:53 
 SUNDAR,22:19:54 
 VISWA,22:19:54 
 SUNDAR,22:19:54 
 VISWA,22:19:54 
 VISWA,22:19:55 
 VISWA,22:19:56 
 SUNDAR,22:19:56 
 VISWA,22:19:57 
 VISWA,22:19:58 
 SUNDAR,22:19:58 
 VISWA,22:19:58 
 VISWA,22:19:58 
 VISWA,22:19:59 
 VISWA,22:19:59 
 VISWA,22:20:00 
 VISWA,22:20:00 
 VISWA,22:20:00 
 VISWA,22:20:01 
 VISWA,22:20:01 
 VISWA,22:20:02 
 VISWA,22:20:02 
 VISWA,22:20:03 
 VISWA,22:20:03 
 VISWA,22:20:04 
 VISWA,22:20:05 
 VISWA,22:20:05 
 VISWA,22:20:06 
 VISWA,22:20:06 
 VISWA,22:20:07 
 VISWA,22:20:08 
 VISWA,22:20:09 
 VISWA,22:20:10 
 VISWA,22:20:10 
 VISWA,22:20:11 
 VISWA,22:20:11 
 VISWA,22:20:11 
 VISWA,22:20:12 
 VISWA,22:20:12 
 VISWA,22:20:13 
 VISWA,22:20:13 
 VISWA,22:20:13 
 VISWA,22:20:14 
 VISWA,22:20:14 
 VISWA,22:20:15 
 VISWA,22:20:15 
 VISWA,22:20:15 
 VISWA,22:20:16 
 VISWA,22:20:16 
 VISWA,22:20:17 
 VISWA,22:20:17 
 VISWA,22:20:17 
 VISWA,22:20:18 
 VISWA,22:20:18 
 VISWA,22:20:19 
 VISWA,22:20:19 
 VISWA,22:20:19 
 VISWA,22:20:20 
 VISWA,22:20:20 
 VISWA,22:20:21 
 VISWA,22:20:21 
 VISWA,22:20:21 
 VISWA,22:20:22 
 VISWA,22:20:22 
 VISWA,22:20:23 
 VISWA,22:20:23 
 VISWA,22:20:23 
 VISWA,22:20:24 
 VISWA,22:20:24 
 VISWA,22:20:25 
 VISWA,22:20:25 
 VISWA,22:20:25 
 VISWA,22:20:26 
 VISWA,22:20:26 
 VISWA,22:20:27 
 VISWA,22:20:27 
 VISWA,22:20:27 
 VISWA,22:20:28 
 VISWA,22:20:28 
 VISWA,22:20:29 
 VISWA,22:20:29 
 VISWA,22:20:29 
 VISWA,22:20:30 
 VISWA,22:20:30 
 VISWA,22:20:31 
 VISWA,22:20:31 
 VISWA,22:20:32 
 VISWA,22:20:32 
 VISWA,22:20:32 
 VISWA,22:20:33 
 VISWA,22:20:33 
 VISWA,22:20:33 
 VISWA,22:20:34 
 VISWA,22:20:43 
 VISWA,22:20:44 
 VISWA,22:20:44 
 VISWA,22:20:44 
 VISWA,22:20:45 
 VISWA,22:20:45 
 VISWA,22:20:45 
 VISWA,22:20:46 
 VISWA,22:20:46 
 VISWA,22:20:47 
 VISWA,22:20:47 
 VISWA,22:20:47 
 VISWA,22:20:48 
 VISWA,22:20:48 
 VISWA,22:20:48 
 VISWA,22:20:49 
 VISWA,22:20:49 
 VISWA,22:20:49 
 VISWA,22:20:50 
 VISWA,22:20:50 
 VISWA,22:20:51 
 VISWA,22:20:51 
 VISWA,22:20:51 
 VISWA,22:20:52 
 VISWA,22:20:52 
 VISWA,22:20:52 
 VISWA,22:20:53 
 VISWA,22:20:53 
 VISWA,22:20:54 
 VISWA,22:20:54 
 VISWA,22:20:54 
 VISWA,22:20:55 
 VISWA,22:20:55 
 VISWA,22:20:56 
 VISWA,22:20:56 
 VISWA,22:20:56 
 VISWA,22:20:57 
 VISWA,22:20:57 
 VISWA,22:20:57 
 VISWA,22:20:58 
 VISWA,22:20:58 
 VISWA,22:20:59 
 VISWA,22:20:59 
 VISWA,22:21:00 
 VISWA,22:21:00 
 VISWA,22:21:00 
 VISWA,22:21:01 
 VISWA,22:21:01 
 VISWA,22:21:01 
 VISWA,22:21:11 
 VISWA,22:21:11 
 VISWA,22:21:12 
 VISWA,22:21:12 
 VISWA,22:21:12 
 VISWA,22:21:13 
 VISWA,22:21:13 
 VISWA,22:21:14 
 VISWA,22:21:14 
 VISWA,22:21:14 
 VISWA,22:21:15 
 VISWA,22:21:15 
 VISWA,22:21:15 
 VISWA,22:21:16 
 VISWA,22:21:16 
 VISWA,22:21:16 
 VISWA,22:21:17 
 VISWA,22:21:17 
 VISWA,22:21:18 
 VISWA,22:21:18 
 VISWA,22:21:18 
 VISWA,22:21:19 
 VISWA,22:21:19 
 VISWA,22:21:19 
 VISWA,22:21:20 
 VISWA,22:21:20 
 VISWA,22:21:21 
 VISWA,22:21:21 
 VISWA,22:21:21 
 VISWA,22:21:22 
 VISWA,22:21:22 
 VISWA,22:21:23 
 VISWA,22:21:23 
 VISWA,22:21:23 
 VISWA,22:21:24 
 VISWA,22:21:24 
 VISWA,22:21:25 
 VISWA,22:21:25 
 VISWA,22:21:25 
 VISWA,22:21:26 
 VISWA,22:21:26 
 VISWA,22:21:26 
 VISWA,22:21:27 
 VISWA,22:21:27 
 VISWA,22:21:37 
 VISWA,22:21:37 
 VISWA,22:21:38 
 VISWA,22:21:38 
 VISWA,22:21:38 
 VISWA,22:21:39 
 VISWA,22:21:39 
 VISWA,22:21:40 
 VISWA,22:21:40 
 VISWA,22:21:41 
 VISWA,22:21:41 
 VISWA,22:21:42 
 VISWA,22:21:42 
 VISWA,22:21:42 
 VISWA,22:21:43 
 VISWA,22:21:43 
 VISWA,22:21:43 
 VISWA,22:21:44 
 VISWA,22:21:44 
 VISWA,22:21:45 
 VISWA,22:21:45 
 VISWA,22:21:49 
 VISWA,22:21:50 
 VISWA,22:21:50 
 SUNDAR,22:21:51 
 SUNDAR,22:21:51 
 VISWA,22:21:51 
 SUNDAR,22:21:52 
 VISWA,22:21:52 
 VISWA,22:21:52 
 VISWA,22:21:53 
 SUNDAR,22:21:53 
 VISWA,22:21:54 
 VISWA,22:21:55 
 VISWA,22:21:55 
 SUNDAR,22:21:57 
 VISWA,22:21:59 
 SUNDAR,22:22:01 
 VISWA,22:22:05 
 SUNDAR,22:22:07 
 SUNDAR,22:22:08 
 SUNDAR,22:22:11 
 SUNDAR,22:22:12 
 SUNDAR,22:22:12 
 SUNDAR,22:22:13 
 SUNDAR,22:22:13 
 SUNDAR,22:22:14 
 SUNDAR,22:22:17 
 SUNDAR,22:22:38 
 SUNDAR,22:22:51 
 VISWA,22:22:56 
 VISWA,22:22:57 
 VISWA,22:22:58 
 VISWA,22:22:58 
 VISWA,22:22:59 
 VISWA,22:22:59 
 VISWA,22:22:59 
 SUNDAR,22:23:02 
 SUNDAR,22:23:04 
 SUNDAR,22:23:05 
 SUNDAR,22:23:05 
 SUNDAR,22:23:05 
 SUNDAR,22:23:06 
 SUNDAR,22:23:07 
 VISWA,22:23:07 
 VISWA,22:23:08 
 VISWA,22:23:08 
 VISWA,22:23:08 
 VISWA,22:23:09 
 VISWA,22:23:09 
 VISWA,22:23:10 
 VISWA,22:23:11 
 VISWA,22:23:12 
 VISWA,22:23:12 
 VISWA,22:23:13 
 VISWA,22:23:13 
 VISWA,22:23:15 
 VISWA,22:23:15 
 VISWA,22:23:15 
 VISWA,22:23:16 
 VISWA,22:23:16 
 VISWA,22:23:17 
 VISWA,22:23:17 
 VISWA,22:23:17 
 VISWA,22:23:18 
 VISWA,22:23:18 
 VISWA,22:23:19 
 VISWA,22:23:19 
 VISWA,22:23:19 
 VISWA,22:23:21 
 VISWA,22:23:22 
 VISWA,22:23:23 
 VISWA,22:23:23 
 VISWA,22:23:23 
 VISWA,22:23:24 
 VISWA,22:23:24 
 VISWA,22:23:25 
 VISWA,22:23:25 
 VISWA,22:23:25 
 VISWA,22:23:26 
 VISWA,22:23:27 
 VISWA,22:23:28 
 SUNDAR,22:23:29 
 VISWA,22:23:30 
 VISWA,22:23:30 
 VISWA,22:23:31 
 VISWA,22:23:32 
 SUNDAR,22:23:32 
 VISWA,22:23:32 
 SUNDAR,22:23:32 
 VISWA,22:23:33 
 VISWA,22:23:33 
 VISWA,22:23:34 
 SUNDAR,22:23:34 